"record_id","title","authors","year","document_type","journal_or_conference","volume_issue_pages","doi","stable_url","metadata_source","search_id","primary_theme","secondary_tags","domestic_or_international","evidence_level","fulltext_status","include_status","exclusion_reason","bibkey","chap1_use","chap2_use","claim_ids","metadata_verified_at","publication_language","recent_five_year"
"LIT001","Strain sensing based on coherent Rayleigh scattering in an optical fibre","R. Posey; G. A. Johnson; S. T. Vohra","2000","journal article","Electronics Letters","36(20):1688-1689","10.1049/el:20001200","https://doi.org/10.1049/el:20001200","DOI metadata","S001","T1","coherent Rayleigh scattering; strain sensing","international","B","metadata and abstract verified","pilot include","","posey2000strain","early coherent-Rayleigh sensing","Rayleigh phase-sensing basis","","2026-07-27","en","no"
"LIT002","Distributed Vibration Sensor Based on Coherent Detection of Phase-OTDR","Yuelan Lu; Tao Zhu; Liang Chen; Xiaoyi Bao","2010","journal article","Journal of Lightwave Technology","28(22):3243-3249","10.1109/JLT.2010.2078798","https://doi.org/10.1109/JLT.2010.2078798","DOI metadata and publisher page","S001","T1","heterodyne detection; moving average; moving differential","international","A","publisher abstract verified","pilot include","","lu2010distributed","coherent phi-OTDR milestone","heterodyne signal model and processing","","2026-07-27","en","no"
"LIT003","Phase-sensitive OTDR system based on digital coherent detection","Zhengqing Pan; Kezhen Liang; Qing Ye; Haiwen Cai; Ronghui Qu; Zujie Fang","2011","conference paper","Optical Sensors and Biophotonics","8311:83110S","10.1364/ACP.2011.83110S","https://doi.org/10.1364/ACP.2011.83110S","DOI metadata and publisher page","S001","T3","digital coherent detection; heterodyne; phase recovery","domestic","B","publisher abstract verified","pilot include","","pan2011phase","digital coherent phi-OTDR development","coherent field reconstruction","","2026-07-27","en","no"
"LIT004","Characterization of the chirp and intensity modulation properties of an SOA-MZI wavelength converter","S.-C. Cao; J. C. Cartledge","2002","journal article","Journal of Lightwave Technology","20(4):689-695","10.1109/50.996590","https://doi.org/10.1109/50.996590","DOI metadata and publisher page","S002","T2","SOA chirp; intensity modulation; linewidth enhancement","international","C","publisher metadata verified","pilot include","","cao2002characterization","adjacent SOA chirp mechanism","SOA phase-amplitude coupling","","2026-07-27","en","no"
"LIT005","Fundamentals of Optical Fiber Sensing Schemes Based on Coherent Optical Time Domain Reflectometry: Signal Model Under Static Fiber Conditions","Leonid B. Liokumovich; Nikolai A. Ushakov; Oleg I. Kotov; Mikhail A. Bisyarin; Arthur H. Hartog","2015","journal article","Journal of Lightwave Technology","33(17):3660-3671","10.1109/JLT.2015.2449085","https://doi.org/10.1109/JLT.2015.2449085","DOI metadata and publisher page","S001","T1","coherent OTDR; Rayleigh signal model; static fiber","international","A","publisher abstract verified","pilot include","","liokumovich2015fundamentals","technical model foundation","core coherent OTDR signal model","","2026-07-27","en","no"
"LIT006","Experimental investigation of chirp properties induced by signal amplification in quantum-dot semiconductor optical amplifiers","Motoharu Matsuura; Hiroaki Ohta; Ryota Seki","2015","journal article","Optics Letters","40(6):914-917","10.1364/OL.40.000914","https://doi.org/10.1364/OL.40.000914","DOI metadata and publisher page","S002","T2","SOA dynamic chirp; gain; injected power","international","C","publisher abstract verified","pilot include","","matsuura2015chirp","SOA chirp mechanism evidence","carrier-gain-chirp relationship","","2026-07-27","en","no"
"LIT007","Contributed Review: Distributed optical fibre dynamic strain sensing","Ali Masoudi; Trevor P. Newson","2016","review article","Review of Scientific Instruments","87(1):011501","10.1063/1.4939482","https://doi.org/10.1063/1.4939482","DOI metadata and publisher metadata","S001","T1","dynamic strain; distributed sensing; Rayleigh; Brillouin","international","A","full text link identified","pilot include","","masoudi2016review","research background and method comparison","dynamic sensing principles","","2026-07-27","en","no"
"LIT008","Impact of I/Q Amplitude Imbalance on Coherent Phi-OTDR","Yun Fu; Naitian Xue; Zinan Wang; Bin Zhang; Ji Xiong; Yunjiang Rao","2018","journal article","Journal of Lightwave Technology","36(4):1069-1075","10.1109/JLT.2017.2768587","https://doi.org/10.1109/JLT.2017.2768587","DOI metadata and publisher page","S004","T4","I/Q imbalance; coherent detection; phase error","domestic","A","publisher metadata verified","pilot include","","fu2018iq","coherent demodulation limitations","I/Q imbalance model","","2026-07-27","en","no"
"LIT009","Enhancing the performance of coherent OTDR systems with polarization diversity complementary codes","Christian Dorize; Elie Awwad","2018","journal article","Optics Express","26(10):12878-12890","10.1364/OE.26.012878","https://doi.org/10.1364/OE.26.012878","DOI metadata and publisher page","S004","T4","polarization diversity; complementary codes; coherent OTDR","international","A","publisher abstract verified","pilot include","","dorize2018polarization","polarization fading and diversity","polarization diversity principle","","2026-07-27","en","no"
"LIT010","Recent Advances in Distributed Acoustic Sensing Based on Phase-Sensitive Optical Time Domain Reflectometry","Yonas Muanenda","2018","review article","Journal of Sensors","2018:1-16","10.1155/2018/3897873","https://doi.org/10.1155/2018/3897873","DOI metadata and publisher page","S001","T1","DAS review; phi-OTDR; system evolution","international","A","open full text","pilot include","","muanenda2018advances","research evolution and comparison","system principle overview","","2026-07-27","en","no"
"LIT011","Distributed Acoustic Sensing Based on Pulse-Coding Phase-Sensitive OTDR","Zinan Wang; Bin Zhang; Ji Xiong; Yun Fu; Shengtao Lin; Jialin Jiang; Yongxiang Chen; Yue Wu; Qingyang Meng; Yunjiang Rao","2019","journal article","IEEE Internet of Things Journal","6(4):6117-6124","10.1109/JIOT.2018.2869474","https://doi.org/10.1109/JIOT.2018.2869474","DOI metadata and accepted manuscript","S001","T1","pulse coding; linearization; heterodyne phi-OTDR","domestic","A","author manuscript identified","pilot include","","wang2019pulsecoding","performance enhancement route","pulse coding and linearization","","2026-07-27","en","no"
"LIT012","Fading Noise Suppression in Phi-OTDR Based on Nearest Neighbor Analysis","Guojie Tu; Mengmeng Zhao; Zheng Tang; Kai Qian; Benli Yu","2020","journal article","Journal of Lightwave Technology","38(23):6691-6698","10.1109/JLT.2020.3015196","https://doi.org/10.1109/JLT.2020.3015196","DOI metadata and publisher page","S004","T4","coherent fading; polarization fading; phase hopping","domestic","A","publisher abstract verified","pilot include","","tu2020fading","fading suppression methods","numerical phase reconstruction","","2026-07-27","en","no"
"LIT013","Optical Fiber Distributed Acoustic Sensors: A Review","Zuyuan He; Qingwen Liu","2021","review article","Journal of Lightwave Technology","39(12):3671-3686","10.1109/JLT.2021.3059771","https://doi.org/10.1109/JLT.2021.3059771","DOI metadata and publisher page","S001","T1","DAS review; reflectometry; phase recovery; applications","domestic","A","publisher abstract verified","pilot include","","he2021review","core review for history and applications","DAS principle framework","","2026-07-27","en","yes"
"LIT014","Spectrogram of Carrier Transient in Semiconductor Optical Amplifier With Dispersive Pump-Probe Spectroscopy","Ningning Yang; Lun Li; Liao Chen; Yaoshuai Li; Xin Dong; Chi Zhang; Xinliang Zhang","2021","journal article","Journal of Lightwave Technology","39(12):4109-4117","10.1109/JLT.2021.3055225","https://doi.org/10.1109/JLT.2021.3055225","DOI metadata and publisher page","S002","T2","SOA carrier transient; spectral dynamics; carrier recovery","domestic","B","publisher abstract verified","pilot include","","yang2021carrier","SOA carrier dynamics evidence","carrier transient and recovery","","2026-07-27","en","yes"
"LIT015","Accurate Measurement for the Subsequent Perturbation in the Coherent Phi-OTDR System with Small Laser-Frequency-Drift","Zhen Zhong; Ningmu Zou; Xuping Zhang","2021","journal article","Journal of Lightwave Technology","39(18):5973-5979","10.1109/JLT.2021.3094088","https://doi.org/10.1109/JLT.2021.3094088","DOI metadata and publisher page","S004","T4","laser frequency drift; coherent phi-OTDR; phase measurement","domestic","A","publisher metadata verified","pilot include","","zhong2021frequency","frequency-drift problem and mitigation","frequency drift propagation to phase","","2026-07-27","en","yes"
"LIT016","Study on the spectral characteristics of IF signals and its influence on the performance of heterodyne Phi-OTDR","Chi Zhang; Chengzhen Luo; Xiyuan Zhang; Shaoxiong Tang; Chenyang Ding; Imtiaz Naseeb Awan; Shuai Tong; Hao Ding; Tian Xiao; Ningmu Zou; Yixin Zhang; Xuping Zhang","2025","journal article","Optics Express","33(7):16389-16407","10.1364/OE.559338","https://doi.org/10.1364/OE.559338","DOI metadata; publisher page; PubMed","S004","T4","IF spectrum; digital filtering; heterodyne demodulation","domestic","A","open full text identified","pilot include","","zhang2025if","IF filtering and demodulation performance","IF filter design criteria","","2026-07-27","en","yes"
"LIT017","Mitigating the impact of laser phase noise and frequency drift in Phi-OTDR with delay-beat differential phase demodulation","Heng Qian; Li Liu; Haijun He; Yingna Li; Chuan Li; Zhengang Zhao; Jiahong Zhang","2025","journal article","Optics Express","33(14):29395-29408","10.1364/OE.564779","https://doi.org/10.1364/OE.564779","DOI metadata and publisher page","S004","T4","phase noise; frequency drift; differential phase demodulation","domestic","A","open full text","pilot include","","qian2025drift","recent frequency-drift mitigation","delay-beat differential phase method","","2026-07-27","en","yes"
"LIT018","Real-time phase demodulation method for heterodyne Phi-OTDR using single-sideband spectrum interception and rotated-vector-sum","Fei Liu; Zhi Wang; Guo Zhu; Zhiwen Lian; Jianxin Ren; Yi Liu; Santosh Kumar; Xian Zhou","2025","journal article","Optics Express","33(22):47257-47272","10.1364/OE.577738","https://doi.org/10.1364/OE.577738","DOI metadata and publisher page","S004","T4","real-time demodulation; heterodyne; single sideband","domestic","A","publisher abstract verified","pilot include","","liu2025realtime","recent real-time demodulation","real-time phase recovery","","2026-07-27","en","yes"
"LIT019","Real-time distributed acoustic sensing based on phase-sensitive optical time-domain reflectometer with fading suppression","Sheng Hu; Shasha Li; Puchu Lv; Xinmin Hu; Haixin Qin; Cong Liu; Chenggang Guan","2025","journal article","Optical Engineering","64(4):046103","10.1117/1.OE.64.4.046103","https://doi.org/10.1117/1.OE.64.4.046103","DOI metadata and publisher page","S004","T4","real-time DAS; fading suppression; FPGA","domestic","A","publisher abstract verified","pilot include","","hu2025realtime","recent real-time system and fading suppression","phase modulation and FPGA processing","","2026-07-27","en","yes"
"LIT020","Temporal response of the acoustooptic modulator: geometrical optics model in the low scattering efficiency limit","Richard V. Johnson","1977","journal article","Applied Optics","16(2):507-514","10.1364/AO.16.000507","https://doi.org/10.1364/AO.16.000507","DOI metadata and publisher full text","S003","T3","AOM temporal response; acoustic transit; optical beam overlap","international","A","open full text","pilot include","","johnson1977aom","AOM switching and timing basis","AOM impulse response and rise time","","2026-07-27","en","no"
"LIT022","On-chip silicon electro-optical modulator with ultra-high extinction ratio for fiber-optic distributed acoustic sensing","Zhuo Cheng; Xiaoqian Shu; Lingmei Ma; Bigeng Chen; Caiyun Li; Chunlei Sun; Maoliang Wei; Shaoliang Yu; Lan Li; Hongtao Lin; Yunjiang Rao","2023","journal article","Nature Communications","14(1):7409","10.1038/s41467-023-43244-9","https://doi.org/10.1038/s41467-023-43244-9","DOI metadata and publisher open full text","S005","T5","on-chip modulator; extinction ratio; compact DAS; power consumption","domestic","A","open full text","pilot include","","cheng2023onchip","DAS miniaturization and modulator integration","extinction-ratio significance","","2026-07-27","en","yes"
"LIT023","Silicon photonic integrated interrogator for fiber-optic distributed acoustic sensing","Zhicheng Jin; Jiageng Chen; Yanming Chang; Qingwen Liu; Zuyuan He","2024","journal article","Photonics Research","12(3):465-473","10.1364/PRJ.512298","https://doi.org/10.1364/PRJ.512298","DOI metadata and publisher open full text","S005","T5","integrated DAS interrogator; silicon photonics; dual polarization coherent receiver","domestic","A","open full text","pilot include","","jin2024integrated","integrated-versus-discrete DAS interrogator comparison","integrated transmitter and coherent receiver architecture","","2026-07-27","en","yes"
"LIT024","Hybrid Photonic Integrated Interrogator for Distributed Acoustic Sensing","Zhicheng Jin; Jiageng Chen; Zhengwen Li; Hanzhao Li; Keke Hu; Xuhui Yu; Zuyuan He","2026","conference paper","Optical Fiber Communication Conference 2026","W4D.2","10.1364/OFC.2026.W4D.2","https://doi.org/10.1364/OFC.2026.W4D.2","DOI metadata and publisher abstract","S005","T5","hybrid integration; InP laser; SOI PIC; compact DAS","domestic","B","publisher abstract verified","pilot include","","jin2026hybrid","recent hybrid-integrated DAS trend","hybrid source and interrogator integration","","2026-07-27","en","yes"
"LIT025","Advances in phase-sensitive optical time-domain reflectometry","Shuaiqi Liu; Feihong Yu; Rui Hong; Weijie Xu; Liyang Shao; Feng Wang","2022","journal article","Opto-Electronic Advances","5(3):200078","10.29026/oea.2022.200078","https://doi.org/10.29026/oea.2022.200078","DOI metadata","S006","T1","review; phi-OTDR evolution; performance","domestic","A","metadata and abstract verified","include","","liu2022advances","technical evolution and performance framework","phi-OTDR principle overview","","2026-07-27","en","yes"
"LIT026","Modulation instability-induced fading in phase-sensitive optical time-domain reflectometry","Hugo F. Martins; Sonia Martin-Lopez; Pedro Corredera; Pedro Salgado; Orlando Frazao; Miguel Gonzalez-Herraez","2013","journal article","Optics Letters","38(6):872-874","10.1364/OL.38.000872","https://doi.org/10.1364/OL.38.000872","DOI metadata","S006","T1","modulation instability; fading; nonlinear propagation","international","A","metadata and abstract verified","include","","martins2013modulation","nonlinear-fading limitation","propagation impairment basis","","2026-07-27","en","no"
"LIT027","Recent Advances in Phase-Sensitive Optical Time Domain Reflectometry","Yunjiang Rao; Zinan Wang; Huijuan Wu; Zengling Ran; Bing Han","2021","journal article","Photonic Sensors","11(1):1-30","10.1007/s13320-021-0619-4","https://doi.org/10.1007/s13320-021-0619-4","DOI metadata","S006","T1","review; phase-sensitive OTDR; recent advances","domestic","A","metadata and abstract verified","include","","rao2021recent","domestic and international development overview","phi-OTDR model overview","","2026-07-27","en","yes"
"LIT028","Time-expanded phase-sensitive optical time-domain reflectometry","Miguel Soriano-Amat; Hugo F. Martins; Vicente Duran; Luis Costa; Sonia Martin-Lopez; Miguel Gonzalez-Herraez; Maria R. Fernandez-Ruiz","2021","journal article","Light: Science & Applications","10(1):51","10.1038/s41377-021-00490-0","https://doi.org/10.1038/s41377-021-00490-0","DOI metadata","S006","T1","time expansion; bandwidth; phi-OTDR","international","A","open full text identified","include","","sorianoamat2021time","advanced acquisition architecture","time-expanded sensing model","","2026-07-27","en","yes"
"LIT029","Phase-sensitive optical time-domain reflectometry with Brillouin amplification","Z. N. Wang; J. Li; M. Q. Fan; L. Zhang; F. Peng; H. Wu; J. J. Zeng; Y. Zhou; Y. J. Rao","2014","journal article","Optics Letters","39(15):4313-4316","10.1364/OL.39.004313","https://doi.org/10.1364/OL.39.004313","DOI metadata","S006","T1","Brillouin amplification; sensing range; phi-OTDR","domestic","B","metadata and abstract verified","include","","wang2014brillouin","amplification route in conventional DAS","distributed amplification context","","2026-07-27","en","no"
"LIT031","Ultra-broadband phase-sensitive optical time-domain reflectometry with a temporally sequenced multi-frequency source","Zhaoyong Wang; Zhengqing Pan; Zujie Fang; Qing Ye; Bin Lu; Haiwen Cai; Ronghui Qu","2015","journal article","Optics Letters","40(22):5192-5195","10.1364/OL.40.005192","https://doi.org/10.1364/OL.40.005192","DOI metadata","S006","T1","multi-frequency source; ultra-broadband; phi-OTDR","domestic","A","metadata and abstract verified","include","","wang2015ultrabroadband","bandwidth expansion route","multi-frequency source model","","2026-07-27","en","no"
"LIT032","Influence of finite extinction ratio on performance of phase-sensitive optical time-domain reflectometry","Meiqi Ren; Da-Peng Zhou; Liang Chen; Xiaoyi Bao","2016","journal article","Optics Express","24(12):13325-13333","10.1364/OE.24.013325","https://doi.org/10.1364/OE.24.013325","DOI metadata","S006","T1","extinction ratio; coherent noise; performance","international","A","metadata and abstract verified","include","","ren2016extinction","extinction-ratio performance constraint","pulse extinction model","","2026-07-27","en","no"
"LIT033","Dynamic Measurements of 1000 Microstrains Using Chirped-Pulse Phase-Sensitive Optical Time-Domain Reflectometry","Hari Datta Bhatta; Luis Costa; Andres Garcia-Ruiz; Maria R. Fernandez-Ruiz; Hugo F. Martins; Moshe Tur; Miguel Gonzalez-Herraez","2019","journal article","Journal of Lightwave Technology","37(18):4888-4895","10.1109/JLT.2019.2928621","https://doi.org/10.1109/JLT.2019.2928621","DOI metadata","S006","T1","chirped pulse; dynamic strain; large strain","international","B","metadata and abstract verified","include","","bhatta2019dynamic","quantitative dynamic-strain progress","chirped-pulse measurement model","","2026-07-27","en","no"
"LIT037","Interference Fading Mitigation in Coherent Phi-OTDR Based on Subband Phase-Shift Transform","Yafeng Cheng; Hanyong Wang; Desheng Li; Ying Qiu; Ming Luo; Xu Zhang; Jing Zhang; Zhichao Wu; Tianye Huang; Xiang Li","2023","journal article","IEEE Photonics Journal","15(5):1-6","10.1109/JPHOT.2023.3316350","https://doi.org/10.1109/JPHOT.2023.3316350","DOI metadata","S006","T4","interference fading; subband phase shift; coherent phi-OTDR","domestic","A","metadata and abstract verified","include","","cheng2023subband","fading-mitigation progress","subband phase-shift method","","2026-07-27","en","yes"
"LIT038","Signal-and-Kernel Phase Noise Compensation Method for Distributed Acoustic Sensors","Zhengyuan Xiao; Jiageng Chen; Yuanpeng Deng; Qingwen Liu; Xinyu Fan; Zuyuan He","2024","journal article","Journal of Lightwave Technology","42(18):6466-6475","10.1109/JLT.2024.3396649","https://doi.org/10.1109/JLT.2024.3396649","DOI metadata","S006","T4","phase noise; kernel compensation; DAS","domestic","A","metadata and abstract verified","include","","xiao2024signal","phase-noise compensation progress","phase-noise model and compensation","","2026-07-27","en","yes"
"LIT039","Low Computational Cost Distributed Acoustic Sensing Using Analog I/Q Demodulation","Fei Jiang; Zixiao Lu; Feida Cai; Honglang Li; Zhenhai Zhang; Yixin Zhang; Xuping Zhang","2019","journal article","Sensors","19(17):3753","10.3390/S19173753","https://doi.org/10.3390/S19173753","DOI metadata","S006","T4","analog IQ; low computational cost; DAS","domestic","A","open full text identified","include","","jiang2019analog","IQ-demodulation implementation route","analog IQ model","","2026-07-27","en","no"
"LIT040","Transient nanostrain detection in phi-OTDR using statistics-based signal processing","Hao Chen; Yang Xu; Sen Qian; Hai Yuan; Lei Su","2020","journal article","Journal of Lightwave Technology","38(18):4883-4891","10.1109/JLT.2020.2996232","https://doi.org/10.1109/JLT.2020.2996232","DOI metadata","S006","T4","transient strain; statistical processing; phi-OTDR","domestic","B","metadata and abstract verified","include","","chen2020transient","signal-processing performance progress","statistical detection basis","","2026-07-27","en","no"
"LIT041","Interference-Fading-Suppressed Pulse-Coding Phi-OTDR Using Spectrum Extraction and Rotated-Vector-Sum Method","Kexin Cui; Fei Liu; Kuiru Wang; Xiaojun Liu; Jinhui Yuan; Binbin Yan; Xian Zhou","2021","journal article","IEEE Photonics Journal","13(6):1-6","10.1109/JPHOT.2021.3121064","https://doi.org/10.1109/JPHOT.2021.3121064","DOI metadata","S006","T4","pulse coding; fading suppression; rotated vector sum","domestic","A","metadata and abstract verified","include","","cui2021interference","fading-suppressed pulse coding","spectrum extraction and vector sum","","2026-07-27","en","yes"
"LIT042","Research Progress in Distributed Acoustic Sensing Techniques","Ying Shang; Maocheng Sun; Chen Wang; Jian Yang; Yuankai Du; Jichao Yi; Wenan Zhao; Yingying Wang; Yanjie Zhao; Jiasheng Ni","2022","journal article","Sensors","22(16):6060","10.3390/S22166060","https://doi.org/10.3390/S22166060","DOI metadata","S006","T1","review; DAS; applications; demodulation","domestic","B","open full text identified","include","","shang2022research","recent DAS review and applications","DAS framework overview","","2026-07-27","en","yes"
"LIT043","Recent Progress in Distributed Fiber Acoustic Sensing with Phi-OTDR","Zhaoyong Wang; Bin Lu; Qing Ye; Haiwen Cai","2020","journal article","Sensors","20(22):6594","10.3390/S20226594","https://doi.org/10.3390/S20226594","DOI metadata","S006","T1","review; phi-OTDR; distributed acoustic sensing","domestic","A","open full text identified","include","","wang2020recent","research progress and limitations","phi-OTDR system framework","","2026-07-27","en","no"
"LIT044","Distributed Dynamic Strain Sensing via Perfect Periodic Coherent Codes and a Polarization Diversity Receiver","Juan Jose Mompo; Lihi Shiloh; Nadav Arbel; Nadav Levanon; Alayn Loayssa; Avishay Eyal","2019","journal article","Journal of Lightwave Technology","37(18):4597-4602","10.1109/JLT.2019.2913464","https://doi.org/10.1109/JLT.2019.2913464","DOI metadata","S006","T4","coherent codes; polarization diversity; dynamic strain","international","A","metadata and abstract verified","include","","mompo2019distributed","polarization-diversity development","polarization receiver model","","2026-07-27","en","no"
"LIT045","Chirp characterization of SOAs under sub-nanosecond electro-optical switching using heterodyne signal post-processing","Tiago Sutili; Mareli Rodigheri; Cristiano M. Gallep; Evandro Conforti","2021","journal article","Optics Communications","500:127317","10.1016/j.optcom.2021.127317","https://doi.org/10.1016/j.optcom.2021.127317","DOI metadata","S007","T2","SOA chirp; sub-nanosecond switching; heterodyne characterization","international","A","metadata and abstract verified","include","","sutili2021chirp","direct mechanism support for SOA transient frequency","heterodyne chirp measurement","","2026-07-27","en","yes"
"LIT049","Saturation induced by picosecond pulses in semiconductor optical amplifiers","Antonio Mecozzi; Jesper Mork","1997","journal article","Journal of the Optical Society of America B","14(4):761-770","10.1364/JOSAB.14.000761","https://doi.org/10.1364/JOSAB.14.000761","DOI metadata","S007","T2","gain saturation; picosecond pulse; SOA","international","B","metadata and abstract verified","include","","mecozzi1997saturation","SOA pulse saturation mechanism","saturation model","","2026-07-27","en","no"
"LIT051","Gain dynamics of semiconductor optical amplifiers and three-wavelength devices","G. Talli; M. J. Adams","2003","journal article","IEEE Journal of Quantum Electronics","39(10):1305-1313","10.1109/JQE.2003.817245","https://doi.org/10.1109/JQE.2003.817245","DOI metadata","S007","T2","gain dynamics; carrier density; SOA","international","B","metadata and abstract verified","include","","talli2003gain","SOA carrier-gain dynamics","gain dynamic model","","2026-07-27","en","no"
"LIT053","Self-Phase Modulation in Semiconductor Optical Amplifiers: Impact of Amplified Spontaneous Emission","Prashant P. Baveja; Drew N. Maywar; Aaron M. Kaplan; Govind P. Agrawal","2010","journal article","IEEE Journal of Quantum Electronics","46(9):1396-1403","10.1109/JQE.2010.2048743","https://doi.org/10.1109/JQE.2010.2048743","DOI metadata","S007","T2","self-phase modulation; ASE; SOA","international","A","metadata and abstract verified","include","","baveja2010selfphase","SOA phase and ASE mechanism","self-phase modulation model","","2026-07-27","en","no"
"LIT056","High-precision high-stability acousto-optic pulse picking driver with a direct digital synthesis technique","Yunwei Zhang; Shang Wang; Yuyuan Fan; Junliang Liu; Zengguang Qin; Zhigang Zhao; Zhaojun Liu","2024","journal article","Optics Letters","49(17):4895-4898","10.1364/OL.529854","https://doi.org/10.1364/OL.529854","DOI metadata","S007","T3","AOM driver; DDS; stability; pulse picking","domestic","B","metadata and abstract verified","include","","zhang2024highprecision","AOM driver stability and gating","pulse-picking driver design","","2026-07-27","en","yes"
"LIT057","Introducing coherent MIMO sensing a fading-resilient polarization-independent approach to phi-OTDR","Sterenn Guerrier; Christian Dorize; Elie Awwad; Jeremie Renaudier","2020","journal article","Optics Express","28(14):21081-21094","10.1364/OE.396460","https://doi.org/10.1364/OE.396460","DOI metadata","S008","T4","coherent MIMO; fading resilience; polarization independence","international","A","metadata and abstract verified","include","","guerrier2020mimo","advanced polarization-independent sensing","coherent MIMO model","","2026-07-27","en","no"
"LIT058","Polarization fading mitigation in distributed acoustic sensors based on a high-speed polarization rotator","Shahab Bakhtiari Gorajoobi; Ali Masoudi; Gilberto Brambilla","2022","journal article","Optics Letters","47(5):1283-1286","10.1364/OL.450388","https://doi.org/10.1364/OL.450388","DOI metadata","S008","T4","polarization fading; polarization rotator; DAS","international","A","metadata and abstract verified","include","","gorajoobi2022polarization","polarization-fading mitigation route","polarization diversity basis","","2026-07-27","en","yes"
"LIT059","Continuous chirped-wave phase-sensitive optical time domain reflectometry","Jialin Jiang; Zinan Wang; Zitan Wang; Zijie Qiu; Chunye Liu; Yunjiang Rao","2021","journal article","Optics Letters","46(3):685-688","10.1364/OL.415087","https://doi.org/10.1364/OL.415087","DOI metadata","S008","T1","continuous chirped wave; pulse compression; phi-OTDR","domestic","A","metadata and abstract verified","include","","jiang2021continuous","alternative interrogation architecture","chirped-wave reflectometry model","","2026-07-27","en","yes"
"LIT060","Distributed Acoustic Sensing Using Chirped-Pulse Phase-Sensitive OTDR Technology","Maria R. Fernandez-Ruiz; Luis Costa; Hugo F. Martins","2019","journal article","Sensors","19(20):4368","10.3390/S19204368","https://doi.org/10.3390/S19204368","DOI metadata","S008","T1","review; chirped pulse; DAS","international","A","open full text identified","include","","fernandezruiz2019chirped","chirped-pulse DAS development","chirped-pulse principle","","2026-07-27","en","no"
"LIT062","Distributed Acoustic Sensing for Monitoring Linear Infrastructures: Current Status and Trends","Hong-Hu Zhu; Wei Liu; Tao Wang; Jing-Wen Su; Bin Shi","2022","journal article","Sensors","22(19):7550","10.3390/S22197550","https://doi.org/10.3390/S22197550","DOI metadata","S008","T1","review; infrastructure monitoring; trends","domestic","B","open full text identified","include","","zhu2022linear","engineering application and trend context","application requirement context","","2026-07-27","en","yes"
"LIT063","Spectrally stable Er-fiber laser for application in phase-sensitive optical time-domain reflectometry","Kyoo Nam Choi; H. F. Taylor","2003","journal article","IEEE Photonics Technology Letters","15(3):386-388","10.1109/LPT.2003.807905","https://doi.org/10.1109/LPT.2003.807905","DOI metadata","S008","T1","laser stability; linewidth; frequency drift","international","A","metadata and abstract verified","include","","choi2003stable","source-stability requirement","laser coherence and drift basis","","2026-07-27","en","no"
"LIT066","Fading Suppression of Distributed Acoustic Sensing Systems Based on Polarization-multifrequency Diversity Fusion","Lang Xie; Mingsong Wu; Yuehui Wang; Jingcheng Bai; Yunjiang Rao; Yu Wu","2023","conference paper","28th International Conference on Optical Fiber Sensors","Tu3.23","10.1364/OFS.2023.Tu3.23","https://doi.org/10.1364/OFS.2023.Tu3.23","DOI metadata and publisher abstract","S008","T4","polarization diversity; multifrequency diversity; fading suppression","domestic","B","publisher abstract verified","include","","xie2023fading","diversity-fusion development","polarization-multifrequency fusion","","2026-07-27","en","yes"
"LIT067","Noise and fading reduction in a phase-OTDR system using a multi-strand optical fiber sensing cable","Sami Meguellati; Hocine Medjadba; Lotfy Mokhtar Simohamed","2024","journal article","Applied Optics","63(18):4883-4890","10.1364/AO.522240","https://doi.org/10.1364/AO.522240","DOI metadata and publisher abstract","S008","T4","noise reduction; fading; multi-strand cable","international","B","publisher abstract verified","include","","meguellati2024noise","physical-diversity fading reduction","noise and fading comparison","","2026-07-27","en","yes"
"LIT069","Polarization discrimination in a phase-sensitive optical time-domain reflectometer intrusion-sensor system","Juan C. Juarez; Henry F. Taylor","2005","journal article","Optics Letters","30(24):3284-3286","10.1364/OL.30.003284","https://doi.org/10.1364/OL.30.003284","DOI metadata and publisher abstract","S008","T4","polarization discrimination; intrusion sensing; phi-OTDR","international","A","publisher abstract verified","include","","juarez2005polarization","early polarization-diversity sensing","orthogonal-polarization receiver basis","","2026-07-27","en","no"
"LIT070","Polarization dependent noise suppression for fiber distributed acoustic sensor with birefringence estimation","Yujia Liu; Hao Li; Tao Liu; Cunzheng Fan; Zhijun Yan; Deming Liu; Qizhen Sun","2020","conference paper","Conference on Lasers and Electro-Optics","JW2E.18","10.1364/CLEO_AT.2020.JW2E.18","https://doi.org/10.1364/CLEO_AT.2020.JW2E.18","DOI metadata and publisher abstract","S008","T4","birefringence estimation; polarization noise; DAS","domestic","B","publisher abstract verified","include","","liu2020polarization","polarization-dependent noise suppression","birefringence estimation","","2026-07-27","en","no"
"LIT071","Accelerating the phase demodulation process for heterodyne phi-OTDR using spatial phase shifting","Shuaiqi Liu; Liyang Shao; Fei-Hong Yu; Weihao Lin; Dongrui Xiao; Siming Sun; Shangru Li; Sio Hang Pun; Peng Un Mak; Mang I Vai","2023","journal article","Optics Letters","48(4):1048-1051","10.1364/OL.482219","https://doi.org/10.1364/OL.482219","DOI metadata and publisher abstract","S009","T4","spatial phase shifting; phase demodulation; computational efficiency","domestic","A","publisher abstract verified","include","","liu2023spatial","recent efficient demodulation","spatial phase-shifting principle","","2026-07-27","en","yes"
"LIT072","Ultra-low sampling resolution technique for heterodyne phase-OTDR based distributed acoustic sensing","Fei-Hong Yu; Shuaiqi Liu; Liyang Shao; Weijie Xu; Dongrui Xiao; Fang Zhao; Jie Hu; Weihao Lin; Guoqing Wang; Weizhi Wang; Feng Wang; Huanhuan Liu; Perry Ping Shum","2022","journal article","Optics Letters","47(14):3379-3382","10.1364/OL.456925","https://doi.org/10.1364/OL.456925","DOI metadata and publisher abstract","S009","T4","heterodyne; low-bit sampling; data reduction","domestic","A","publisher abstract verified","include","","yu2022sampling","heterodyne acquisition simplification","sampling and quantization basis","","2026-07-27","en","yes"
"LIT074","Phase Error Evaluation via Differentiation and Cross-Multiplication Demodulation in Phase-Sensitive Optical Time-Domain Reflectometry","Xin Lu; Peter James Thomas","2023","journal article","Photonics","10(5):514","10.3390/photonics10050514","https://doi.org/10.3390/photonics10050514","DOI metadata and open full text","S009","T4","phase error; DCM; IQ demodulation; noise","international","A","open full text","include","","lu2023phase","error-model comparison for demodulation","phase-error probability model","","2026-07-27","en","yes"
"LIT076","相位敏感光时域反射分布式光纤传感技术","张旭幸; 丁哲文; 洪瑞; 陈晓红; 梁蕾; 张驰; 王峰; 邹宁睿; 张益昕","2021","journal article","光学学报","41(1):0106004","10.3788/AOS202141.0106004","https://doi.org/10.3788/AOS202141.0106004","journal official page and full text","S006","T1","phi-OTDR review; system architecture; applications","domestic","A","official Chinese full text verified","include","","zhang2021phase_cn","Chinese review of phi-OTDR principles and development","system architecture and principle","C01;C04","2026-07-27","zh","yes"
"LIT077","基于Φ-OTDR的光纤分布式传感信号处理及应用","吴慧娟; 刘欣雨; 饶云江","2021","journal article","激光与光电子学进展","58(13):1306003","10.3788/LOP202158.1306003","https://doi.org/10.3788/LOP202158.1306003","journal official page and full text","S006","T4","signal processing; event recognition; DAS applications","domestic","A","official Chinese full text verified","include","","wu2021processing_cn","Chinese progress in DAS signal processing","signal processing framework","C03;C04","2026-07-27","zh","yes"
"LIT078","基于MEEMD-HHT的分布式光纤振动传感系统信号特征提取方法","于淼; 张耀鲁; 徐泽辰; 何禹潼","2021","journal article","红外与激光工程","50(7):20210223","10.3788/IRLA20210223","https://doi.org/10.3788/IRLA20210223","journal official page and full text","S006","T4","MEEMD-HHT; feature extraction; vibration signal processing","domestic","A","official Chinese full text verified","include","","yu2021meemd_cn","domestic signal-processing example","feature extraction method","C03","2026-07-27","zh","yes"
"LIT079","相位敏感光时域反射仪的信号处理方法综述","田曼伶; 刘东辉; 曹晓敏; 余贶琭","2021","journal article","光学精密工程","29(9):2189-2209","10.37188/OPE.20212909.2189","https://doi.org/10.37188/OPE.20212909.2189","journal official page and full text","S006","T4","signal processing review; denoising; feature extraction; machine learning","domestic","A","official Chinese full text verified","include","","tian2021signal_cn","Chinese review of phi-OTDR signal processing","processing-method classification","C03;C04","2026-07-27","zh","yes"
"LIT080","光纤分布式声传感的动态范围扩展方法研究","马喆; 王逸璇; 江俊峰; 王双; 张建德; 杨宁; 徐天华; 丁振扬; 刘铁根","2021","journal article","光学学报","41(13):1306008","10.3788/AOS202141.1306008","https://doi.org/10.3788/AOS202141.1306008","journal official page and full text","S006","T1","dynamic range; LFM pulse; sideband modulation","domestic","A","official Chinese full text verified","include","","ma2021dynamic_cn","domestic dynamic-range extension","frequency-time mapping and dynamic range","C01","2026-07-27","zh","yes"
"LIT081","相位敏感光时域反射系统低频响应性能优化","于淼; 孙铭阳; 何禹潼; 张崇富; 郑志丰; 孔谦","2022","journal article","红外与激光工程","51(5):20211125","10.3788/IRLA20211125","https://doi.org/10.3788/IRLA20211125","journal official page and full text","S006","T3","AOM; common clock; low-frequency response; phase noise","domestic","A","official Chinese full text verified","include","","yu2022lowfrequency_cn","AOM and synchronous-clock progress","AOM clock and phase-noise model","C02;C03","2026-07-27","zh","yes"
"LIT082","光纤分布式声传感系统在GIS耐压测试中的应用","黄涛; 孙恒东; 蒋骏; 王章轩; 杨永前; 陈金林","2023","journal article","激光技术","47(4):459-462","10.7510/jgjs.issn.1001-3806.2023.04.003","https://doi.org/10.7510/jgjs.issn.1001-3806.2023.04.003","journal official page and full text","S006","T5","DAS application; GIS; fault location","domestic","A","official Chinese full text verified","include","","huang2023gis_cn","domestic engineering application","","C01","2026-07-27","zh","yes"
"LIT083","基于宽带声光调制的高保真相位敏感光时域反射计系统","雷艳阳; 姜桃飞; 马云宾; 夏猛; 汤晓惠; 隋景林; 杨芳; 杜学新; 董永康","2024","journal article","光学学报","44(1):0106017","10.3788/AOS231426","https://doi.org/10.3788/AOS231426","journal official page and full text","S006","T3","broadband AOM; multifrequency pulse; coherent fading","domestic","A","official Chinese full text verified","include","","lei2024broadband_cn","recent domestic AOM and fading-control work","multi-frequency AOM modulation","C02;C03","2026-07-27","zh","yes"
"LIT084","基于改进奇异值分解法降噪的频分复用Φ-OTDR","陈娟; 张红娟; 王鹏飞; 高妍; 靳宝全","2024","journal article","中国激光","51(22):2210003","10.3788/CJL240638","https://doi.org/10.3788/CJL240638","journal official page and full text","S006","T4","frequency division multiplexing; SVD; noise suppression","domestic","A","official Chinese full text verified","include","","chen2024svd_cn","recent domestic noise-suppression work","signal denoising example","C03","2026-07-27","zh","yes"
"LIT085","Ф-OTDR系统中的衰落效应抑制研究进展（特邀）","雷艳阳; 陈金博; 刘帅旗; 李天夫; 董永康","2025","journal article","红外与激光工程","54(4):20250051","10.3788/IRLA20250051","https://doi.org/10.3788/IRLA20250051","journal official page and full text","S006","T4","fading review; polarization diversity; coherent fading","domestic","A","official Chinese full text verified","include","","lei2025fading_cn","recent Chinese review of fading suppression","polarization and coherent fading","C03;C04","2026-07-27","zh","yes"
"LIT086","Semiconductor optical amplifiers: recent advances and applications","Aneesh Sobhanan; Aravind Anthur; Sean O-Duill; Mark Pelusi; Shu Namiki; Liam Barry; Deepa Venkitesh; Govind P. Agrawal","2022","journal article","Advances in Optics and Photonics","14(3):571-651","10.1364/AOP.451872","https://doi.org/10.1364/AOP.451872","publisher official page and DOI metadata","S007","T2","SOA review; carrier dynamics; gain saturation; coherent signals","international","A","publisher abstract and accepted manuscript metadata verified","include","","sobhanan2022soa","recent SOA mechanism review","SOA carrier and gain model","C02","2026-07-27","en","yes"
"LIT087","Dynamic power and chirp measurements of a quantum dash semiconductor optical amplifier amplified picosecond pulses using a linear pulse characterization technique","Michael J. Connelly; Javier Romero-Vivas; Pascal Morel; Ammar Sharaiha; Frédéric Pommereau; Catherine Fortin","2023","journal article","Optical and Quantum Electronics","55(1):36","10.1007/s11082-022-04301-7","https://doi.org/10.1007/s11082-022-04301-7","DOI metadata and university repository","S007","T2","SOA chirp; dynamic power; pulse characterization","international","A","repository abstract and DOI metadata verified","include","","connelly2023dynamic","recent SOA pulse-chirp evidence","SOA transient chirp model","C02","2026-07-27","en","yes"
"LIT088","A Novel φ-OTDR System With a Phase Demodulation Module Based on Sagnac Balanced Interferometer","Xiang Zhong; Baofei Zhang; Jie Ren; Huaxia Deng; Xiaoshan Chen; Mengchao Ma","2021","journal article","Journal of Lightwave Technology","39(22):7307-7314","10.1109/JLT.2021.3113082","https://doi.org/10.1109/JLT.2021.3113082","DOI metadata and publisher page","S007","T4","Sagnac balanced interferometer; phase demodulation","domestic","A","publisher abstract and DOI metadata verified","include","","zhong2021sagnac","recent phase-demodulation architecture","complex phase extraction","C03","2026-07-27","en","yes"
"LIT089","Characterizing detection noise in phase-sensitive optical time domain reflectometry","Xin Lu; Katerina Krebber","2021","journal article","Optics Express","29(12):18791-18806","10.1364/OE.424410","https://doi.org/10.1364/OE.424410","DOI metadata and publisher page","S007","T4","detection noise; phase stability; SNR","international","A","publisher abstract and DOI metadata verified","include","","lu2021detection","recent detection-noise evidence","phase-noise and SNR model","C03","2026-07-27","en","yes"
"LIT090","Phase error analysis and unwrapping error suppression in phase-sensitive optical time domain reflectometry","Xin Lu; Katerina Krebber","2022","journal article","Optics Express","30(5):6934-6948","10.1364/OE.446517","https://doi.org/10.1364/OE.446517","DOI metadata and publisher page","S007","T4","phase error; phase unwrapping; low SNR","international","A","publisher abstract and DOI metadata verified","include","","lu2022phaseerror","recent phase-error evidence","unwrapping-error analysis","C03","2026-07-27","en","yes"
"LIT091","Digitalized phase demodulation scheme of φ-OTDR based on cross-coherence between Rayleigh back-scattering beat signals","Yang Yang; An Sun; Ting Fan; Qi Li","2022","journal article","Optical Fiber Technology","71:102896","10.1016/j.yofte.2022.102896","https://doi.org/10.1016/j.yofte.2022.102896","DOI metadata and publisher page","S007","T4","digital phase demodulation; cross coherence; beat signal","domestic","A","publisher abstract and DOI metadata verified","include","","yang2022digitalized","recent digital phase-demodulation work","complex beat-signal demodulation","C03","2026-07-27","en","yes"
"LIT092","Mitigating the Impact of Frequency Drift on Φ-OTDR Demodulation With WOA-VMD","Lijuan Zhao; Xuzhe Zhang; Zhiniu Xu","2024","journal article","IEEE Photonics Technology Letters","36(1):31-34","10.1109/LPT.2023.3335042","https://doi.org/10.1109/LPT.2023.3335042","DOI metadata and publisher page","S007","T4","frequency drift; demodulation; WOA-VMD","domestic","A","publisher abstract and DOI metadata verified","include","","zhao2024frequency","recent frequency-drift compensation","frequency mismatch and demodulation","C03","2026-07-27","en","yes"
"LIT093","Noise Performance Analysis and Optimization of Downsampling Heterodyne Φ-OTDR","Guo Zhu; Fei Liu; Xiaojun Liu; Santosh Kumar; Xian Zhou","2024","journal article","IEEE Sensors Journal","24(9):14093-14100","10.1109/JSEN.2024.3368227","https://doi.org/10.1109/JSEN.2024.3368227","DOI metadata and publisher page","S007","T4","heterodyne phi-OTDR; downsampling; noise optimization","domestic","A","publisher abstract and DOI metadata verified","include","","zhu2024downsampling","recent heterodyne-noise optimization","sampling and noise model","C03","2026-07-27","en","yes"
"LIT094","φ-OTDR动态应变测量范围提升方法研究","冉玉娇","2025","master thesis","桂林电子科技大学","硕士学位论文","","https://cnki.istiz.org.cn/kcms/detail/detail.aspx?dbcode=CMFD&dbname=CMFD2026&filename=1025881920.nh","CNKI thesis metadata page","S010","T4","phase demodulation; dynamic strain range; phase unwrapping","domestic","A","degree type metadata and abstract verified","include","","ran2025dynamic_thesis","recent domestic degree research on dynamic range","phase difference and unwrapping","C03","2026-07-27","zh","yes"
"LIT095","基于瑞利散射的分布式光纤振动监测系统设计及性能优化研究","刘莹淮","2025","master thesis","北京邮电大学","硕士学位论文","","https://cnki.istiz.org.cn/kcms/detail/detail.aspx?dbcode=CMFD&dbname=CMFD2026&filename=1025073624.nh","CNKI thesis metadata page","S010","T1","heterodyne coherent detection; system optimization; real-time phase demodulation","domestic","A","degree type metadata and abstract verified","include","","liu2025rayleigh_thesis","recent domestic system implementation","heterodyne system architecture","C01","2026-07-27","zh","yes"
"LIT096","基于分布式光纤传感的风电地埋电缆安全监测技术研究与应用","黄森清","2025","master thesis","中国科学技术大学","工程硕士学位论文","","https://www.niclab.ac.cn/assets/pdf/2025-%E5%9F%BA%E4%BA%8E%E5%88%86%E5%B8%83%E5%BC%8F%E5%85%89%E7%BA%A4%E4%BC%A0%E6%84%9F%E7%9A%84%E9%A3%8E%E7%94%B5%E5%9C%B0%E5%9F%8B%E7%94%B5%E7%BC%86%E5%AE%89%E5%85%A8%E7%9B%91%E6%B5%8B%E6%8A%80%E6%9C%AF%E7%A0%94%E7%A9%B6%E4%B8%8E%E5%BA%94%E7%94%A8.pdf","university laboratory full-text PDF","S010","T1","distributed fiber sensing; underground cable; engineering monitoring","domestic","A","institutional full text and degree metadata verified","include","","huang2025cable_thesis","recent domestic engineering application","DAS application context","C01","2026-07-27","zh","yes"
"LIT097","基于φ-OTDR光纤传感系统的扰动信号分类研究","田曼伶","2022","master thesis","北京交通大学","硕士学位论文","","https://yb.cie.org.cn/list_223/13225.html","China Institute of Electronics official thesis award list and bibliographic citation","S010","T4","disturbance classification; phi-OTDR; signal processing","domestic","B","official award list confirms author title supervisor and degree institution","include","","tian2022classification_thesis","recent domestic degree research on event classification","signal processing and classification","C03","2026-07-27","zh","yes"
"LIT098","基于分布式光纤传感的供水管道泄漏检测理论与技术研究","张令春","2023","doctoral thesis","合肥工业大学","博士学位论文","","https://cnki.istiz.org.cn/kcms/detail/detail.aspx?dbcode=CDFD&dbname=CDFD2025&filename=1024692006.nh","CNKI doctoral thesis metadata page","S010","T1","pipeline leakage; phi-OTDR; phase demodulation; distributed sensing","domestic","A","degree type metadata and abstract verified","include","","zhang2023pipeline_thesis","recent domestic doctoral research on DAS application","phase sensing and engineering application","C01","2026-07-27","zh","yes"
"LIT099","基于相位敏感光时域反射计的语音与脚步振动信号监测系统研究","孙文达; 郑晶; 孙远","2023","journal article","激光与光电子学进展","60(23):2306004","10.3788/LOP222964","https://doi.org/10.3788/LOP222964","journal official full-text PDF and DOI","S010","T1","voice monitoring; footstep monitoring; orthogonal demodulation; perimeter security","domestic","A","official full text and DOI metadata verified","include","","sun2023voice_cn","recent Chinese DAS application","orthogonal demodulation and application","C01","2026-07-27","zh","yes"
"LIT100","基于快速傅里叶变换的分布式振动传感信号解调分析","司召鹏; 毛邦宁; 卜泽华; 龚华平; 徐贲; 康娟; 杨春君; 赵春柳","2023","journal article","中国激光","50(5):0506001","10.3788/CJL220902","https://doi.org/10.3788/CJL220902","journal official full-text PDF and DOI","S010","T4","FFT demodulation; phase extraction; SNR; coherent fading","domestic","A","official full text and DOI metadata verified","include","","si2023fft_cn","recent Chinese demodulation method","FFT phase extraction and comparison","C03","2026-07-27","zh","yes"
"LIT101","Φ-OTDR系统振动信号的聚类识别方法","刘念超; 李勤; 赵小艇; 梁生","2024","journal article","红外与激光工程","53(11):20240294","10.3788/IRLA20240294","https://doi.org/10.3788/IRLA20240294","journal official HTML full text and DOI","S010","T4","time-domain feature; clustering; event recognition; unsupervised learning","domestic","A","official full text and DOI metadata verified","include","","liu2024clustering_cn","recent Chinese event recognition","signal processing and application","C03","2026-07-27","zh","yes"
"LIT102","基于双声光调制器Φ-OTDR系统的抑制频漂方法","尚秋峰; 谷元宇; 樊小凯","2024","journal article","半导体光电","45(6):1007-1013","","https://www.semiopto.net/","journal official index CNKI index and bibliographic database","S010","T3","dual AOM; frequency drift; heterodyne detection; quadrature demodulation","domestic","B","title authors volume issue pages and abstract cross-verified","include","","shang2024dualaom_cn","recent Chinese AOM frequency-drift work","AOM frequency drift and demodulation","C02","2026-07-27","zh","yes"
"LIT103","分布式声学传感在海缆锚害监测中的应用（特邀）","张鸿; 吴明埝; 王道根; 穆章健; 谢书鸿; 吴正明; 李松林; 陈青青","2025","journal article","光通信研究","2025(4):250098","10.13756/j.gtxyj.2025.250098","https://doi.org/10.13756/j.gtxyj.2025.250098","journal official HTML and full-text PDF","S010","T1","submarine cable; anchor damage; DAS; engineering monitoring","domestic","A","official full text and DOI metadata verified","include","","zhang2025submarine_cn","recent Chinese DAS engineering application","DAS application context","C01","2026-07-27","zh","yes"
"LIT104","Modeling erbium-doped fiber amplifiers","C. R. Giles; E. Desurvire","1991","journal article","Journal of Lightwave Technology","9(2):271-283","10.1109/50.65886","https://doi.org/10.1109/50.65886","Crossref metadata and IEEE publisher record","S007","T2","EDFA; gain model; amplified spontaneous emission; optical amplification","international","A","publisher metadata verified","include","","giles1991edfa","EDFA characteristics and amplifier selection","EDFA gain and noise basis","","2026-08-14","en","no"
